Workbook

Sheet Data
A1: episode | B1: step | C1: state | D1: action | E1: next_state | F1: reward
A2: 1 | B2: 1 | C2: S1 | D2: Kanan | E2: S2 | F2: 0
A3: 1 | B3: 2 | C3: S2 | D3: Kanan | E3: S3 | F3: 1
A4: 1 | B4: 3 | C4: S3 | D4: Bawah | E4: S6 | F4: 0
A5: 1 | B5: 4 | C5: S6 | D5: Bawah | E5: S9 | F5: 5
A6: 1 | B6: 5 | C6: S9 | D6: Diam | E6: S9 | F6: 0
A7: 2 | B7: 1 | C7: S1 | D7: Bawah | E7: S4 | F7: 0
A8: 2 | B8: 2 | C8: S4 | D8: Kanan | E8: S5 | F8: -1
A9: 2 | B9: 3 | C9: S5 | D9: Kanan | E9: S6 | F9: 0
A10: 2 | B10: 4 | C10: S6 | D10: Bawah | E10: S9 | F10: 5
A11: 2 | B11: 5 | C11: S9 | D11: Diam | E11: S9 | F11: 0
A12: 3 | B12: 1 | C12: S1 | D12: Kanan | E12: S2 | F12: 0
A13: 3 | B13: 2 | C13: S2 | D13: Bawah | E13: S5 | F13: -1
... A51: 10 | B51: 5 | C51: S9 | D51: Diam | E51: S9 | F51: 0

Sheet MODEL
A1: Alpha | B1: 0.5
A2: Gamma | B2: 0.8
A4: STATE | B4: Atas | C4: Bawah | D4: Kiri | E4: Kanan | F4: Diam
A5: S1 | B5: 0 | C5: 0 | D5: 0 | E5: 0.3 | F5: 0
A6: S2 | B6: 0 | C6: -0.15 | D6: 0 | E6: 0.75 | F6: 0
A7: S3 | B7: 0 | C7: 0 | D7: 0.3 | E7: 0 | F7: 0
A8: S4 | B8: 0 | C8: 0 | D8: 0 | E8: -0.5 | F8: 0
A9: S5 | B9: 0 | C9: 0 | D9: 0 | E9: 2 | F9: 0
A10: S6 | B10: 0 | C10: 3.75 | D10: 0 | E10: 0 | F10: 0
A11: S7 | B11: 0 | C11: 0 | D11: 0 | E11: 1 | F11: 0
A12: S8 | B12: 0 | C12: 0 | D12: 0 | E12: 3.75 | F12: 0
A13: S9 | B13: 0 | C13: 0 | D13: 0 | E13: 0 | F13: 0

Sheet HITUNGAN
A1: episode | B1: step | C1: state | D1: action | E1: next_state | F1: reward | G1: Q Lama | H1: Q Max Depan | I1: Rumus
A2: 1 | B2: 1 | C2: S1 | D2: Kanan | E2: S2 | F2: 0 | G2: 0 | H2: 0 | I2: =G2+MODEL!$B$1*(HITUNGAN!F2+MODEL!$B$2*HITUNGAN!H2-HITUNGAN!G2) -> 0
A3: 1 | B3: 2 | C3: S2 | D3: Kanan | E3: S3 | F3: 1 | G3: 0 | H3: 0 | I3: =G3+MODEL!$B$1*(HITUNGAN!F3+MODEL!$B$2*HITUNGAN!H3-HITUNGAN!G3) -> 0.5
A4: 1 | B4: 3 | C4: S3 | D4: Bawah | E4: S6 | F4: 0 | G4: 0 | H4: 0 | I4: =G4+MODEL!$B$1*(HITUNGAN!F4+MODEL!$B$2*HITUNGAN!H4-HITUNGAN!G4) -> 0 | K4: <= SELESAI ITERASI 1 | M4: Bahaya
A5: 1 | B5: 4 | C5: S6 | D5: Bawah | E5: S9 | F5: 5 | G5: 0 | H5: 0 | I5: =G5+MODEL!$B$1*(HITUNGAN!F5+MODEL!$B$2*HITUNGAN!H5-HITUNGAN!G5) -> 2.5 | M5: Harapan baru
A6: 1 | B6: 5 | C6: S9 | D6: Diam | E6: S9 | F6: 0 | G6: 0 | H6: 0 | I6: =G6+MODEL!$B$1*(HITUNGAN!F6+MODEL!$B$2*HITUNGAN!H6-HITUNGAN!G6) -> 0 | M6: Jalur bagus
A7: 2 | B7: 1 | C7: S1 | D7: Bawah | E7: S4 | F7: 0 | G7: 0 | H7: 0 | I7: =G7+MODEL!$B$1*(HITUNGAN!F7+MODEL!$B$2*HITUNGAN!H7-HITUNGAN!G7) -> 0 | M7: Jackpot
A8: 2 | B8: 2 | C8: S4 | D8: Kanan | E8: S5 | F8: -1 | G8: 0 | H8: 0 | I8: =G8+MODEL!$B$1*(HITUNGAN!F8+MODEL!$B$2*HITUNGAN!H8-HITUNGAN!G8) -> -0.5
A9: 2 | B9: 3 | C9: S5 | D9: Kanan | E9: S6 | F9: 0 | G9: 0 | H9: 2.5 | I9: =G9+MODEL!$B$1*(HITUNGAN!F9+MODEL!$B$2*HITUNGAN!H9-HITUNGAN!G9) -> 1 | K9: <= SELESAI ITERASI 2
A10: 2 | B10: 4 | C10: S6 | D10: Bawah | E10: S9 | F10: 5 | G10: 2.5 | H10: 0 | I10: =G10+MODEL!$B$1*(HITUNGAN!F10+MODEL!$B$2*HITUNGAN!H10-HITUNGAN!G10) -> 3.75
A11: 2 | B11: 5 | C11: S9 | D11: Diam | E11: S9 | F11: 0 | G11: 0 | H11: 0 | I11: =G11+MODEL!$B$1*(HITUNGAN!F11+MODEL!$B$2*HITUNGAN!H11-HITUNGAN!G11) -> 0
A12: 3 | B12: 1 | C12: S1 | D12: Kanan | E12: S2 | F12: 0 | G12: 0 | H12: 0.5 | I12: =G12+MODEL!$B$1*(HITUNGAN!F12+MODEL!$B$2*HITUNGAN!H12-HITUNGAN!G12) -> 0.2
A13: 3 | B13: 2 | C13: S2 | D13: Bawah | E13: S5 | F13: -1 | G13: 0 | H13: 1 | I13: =G13+MODEL!$B$1*(HITUNGAN!F13+MODEL!$B$2*HITUNGAN!H13-HITUNGAN!G13) -> -0.1
A14: 3 | B14: 3 | C14: S5 | D14: Bawah | E14: S8 | F14: 0 | G14: 0 | H14: 0 | I14: =G14+MODEL!$B$1*(HITUNGAN!F14+MODEL!$B$2*HITUNGAN!H14-HITUNGAN!G14) -> 0 | K14: <= SELESAI ITERASI 3
A15: 3 | B15: 4 | C15: S8 | D15: Kanan | E15: S9 | F15: 5 | G15: 0 | H15: 0 | I15: =G15+MODEL!$B$1*(HITUNGAN!F15+MODEL!$B$2*HITUNGAN!H15-HITUNGAN!G15) -> 2.5
A16: 3 | B16: 5 | C16: S9 | D16: Diam | E16: S9 | F16: 0 | G16: 0 | H16: 0 | I16: =G16+MODEL!$B$1*(HITUNGAN!F16+MODEL!$B$2*HITUNGAN!H16-HITUNGAN!G16) -> 0
A17: 4 | B17: 1 | C17: S1 | D17: Bawah | E17: S4 | F17: 0 | G17: 0 | H17: 0 | I17: =G17+MODEL!$B$1*(HITUNGAN!F17+MODEL!$B$2*HITUNGAN!H17-HITUNGAN!G17) -> 0
A18: 4 | B18: 2 | C18: S4 | D18: Bawah | E18: S7 | F18: 0 | G18: 0 | H18: 0 | I18: =G18+MODEL!$B$1*(HITUNGAN!F18+MODEL!$B$2*HITUNGAN!H18-HITUNGAN!G18) -> 0
A19: 4 | B19: 3 | C19: S7 | D19: Kanan | E19: S8 | F19: 0 | G19: 0 | H19: 2.5 | I19: =G19+MODEL!$B$1*(HITUNGAN!F19+MODEL!$B$2*HITUNGAN!H19-HITUNGAN!G19) -> 1 | K19: <= SELESAI ITERASI 4
A20: 4 | B20: 4 | C20: S8 | D20: Kanan | E20: S9 | F20: 5 | G20: 2.5 | H20: 0 | I20: =G20+MODEL!$B$1*(HITUNGAN!F20+MODEL!$B$2*HITUNGAN!H20-HITUNGAN!G20) -> 3.75
A21: 4 | B21: 5 | C21: S9 | D21: Diam | E21: S9 | F21: 0 | G21: 0 | H21: 0 | I21: =G21+MODEL!$B$1*(HITUNGAN!F21+MODEL!$B$2*HITUNGAN!H21-HITUNGAN!G21) -> 0
A22: 5 | B22: 1 | C22: S1 | D22: Kanan | E22: S2 | F22: 0 | G22: 0.2 | H22: 0.5 | I22: =G22+MODEL!$B$1*(HITUNGAN!F22+MODEL!$B$2*HITUNGAN!H22-HITUNGAN!G22) -> 0.3
A23: 5 | B23: 2 | C23: S2 | D23: Kanan | E23: S3 | F23: 1 | G23: 0.5 | H23: 0 | I23: =G23+MODEL!$B$1*(HITUNGAN!F23+MODEL!$B$2*HITUNGAN!H23-HITUNGAN!G23) -> 0.75
A24: 5 | B24: 3 | C24: S3 | D24: Kiri | E24: S2 | F24: 0 | G24: 0 | H24: 0.75 | I24: =G24+MODEL!$B$1*(HITUNGAN!F24+MODEL!$B$2*HITUNGAN!H24-HITUNGAN!G24) -> 0.3 | K24: <= SELESAI ITERASI 5
A25: 5 | B25: 4 | C25: S2 | D25: Bawah | E25: S5 | F25: -1 | G25: -0.1 | H25: 1 | I25: =G25+MODEL!$B$1*(HITUNGAN!F25+MODEL!$B$2*HITUNGAN!H25-HITUNGAN!G25) -> -0.15
A26: 5 | B26: 5 | C26: S5 | D26: Kanan | E26: S6 | F26: 0 | G26: 1 | H26: 3.75 | I26: =G26+MODEL!$B$1*(HITUNGAN!F26+MODEL!$B$2*HITUNGAN!H26-HITUNGAN!G26) -> 2
